<GtExpress_Response Type="TrainPlaces" ShowWithoutPlaces="0/1">
    <Direction Type="Forward">
        <PassRoute From="МОСКВА" To="САНКТ-ПЕТЕРБУРГ"/>
        <Trains Date="01.01.2010">
            <Train Number="107" Number2="7040" Type="СК СКРСТ ФИРМ">
                <Route>
                    <Station>МОСКВА</Station>
                    <Station>С-ПЕТЕР-ГЛ</Station>
                    <Station>ХЕЛЬСИНКИ</Station>
                </Route>
                <Departure Time="15:30" Stop="01:15"/>
                <Arrival Date="02.01.2010" Time="17:36" Stop="00:34"/>
                <TimeInWay>008:05</TimeInWay>
                <DepartureTrain Date="21.12.2009" Time="16:40" />
                <Length>840</Length>
                <ElRegPossible/>
                <Brand>САПСАН</Brand>
                <FirmName>Красная стрела</FirmName>
                <!-- 25.06.2013 -->
                <Comments>
                    <Info>ПОЛУЧИТЬ БИЛЕТ НА СТАНЦИИ ОТПРАВЛЕНИЯ НЕЛЬЗЯ</Info>
                    <Info>ЗАГРАНПАСПОРТ ОБЯЗАТЕЛЕН</Info>
                </Comments>
                <Cars Type="ЛЮКС" TrainLetter="Ч">
                    <ClassService Type="1Б">Купейный вагон с УКВ</ClassService>
                    <ClassServiceInt>1/2</ClassServiceInt>
                    <AddSigns>У1 МЖ</AddSigns>
                    <Tariff>1800.2</Tariff>
                    <Tariff2>2100.5</Tariff2>
                    <TariffService>210.0</TariffService>
                    <Carrier Name="ФПД"/>
                    <Owner Type="РЖД/ОКТ">
                        <Country Code="20" Name="РОССИЯ"/>
                        <Railway Code="EF" Name="ОКТЯБРЬСКАЯ"/>
                    </Owner>
                    <SaleOnTwo/>
                    <SaleOnFour/>
                    <Car Number="08">
                        <ElRegPossible>
                            <UK/>
                            <AKP/>
                        </ElRegPossible>
                        <Station>БРЯНСК</Station>
                        <NonSmoking/>
                        <DesignCar>
                            <Info>2-ЭТ</Info>
                            <Info>присутствует интернет</Info>
                        </DesignCar>
                        <Seats SeatsUndef="10" SeatsDn="30" SeatsUp="40"
                               SeatsLateralDn="25" SeatsLateralUp="15"
                               FreeComp="12"/>
                        <SeatsSex SeatsMale="4" SeatsFemale="6" SeatsMixed="12"
                                  SeatsUndef="3"/>
                        <TypePlaces>Н</TypePlaces>
                        <Places>002,004,006</Places>
                    </Car>
                    <Car Number="08">
                        <ElRegPossible>
                            <UK/>
                            <AKP/>
                        </ElRegPossible>
                        <Station>БРЯНСК</Station>
                        <NonSmoking/>
                        <DesignCar>
                            <Info>2-ЭТ</Info>
                            <Info>присутствует интернет</Info>
                        </DesignCar>
                        <Seats SeatsUndef="10" SeatsDn="30" SeatsUp="40"
                               SeatsLateralDn="25" SeatsLateralUp="15"
                               FreeComp="12"/>
                        <SeatsSex SeatsMale="4" SeatsFemale="6" SeatsMixed="12"
                                  SeatsUndef="3"/>
                        <TypePlaces>Н</TypePlaces>
                        <Places>002,004,006</Places>
                    </Car>
                </Cars>
                <Cars Type="ЛЮКС" TrainLetter="Ч">
                    <ClassService Type="1Б">Купейный вагон с УКВ</ClassService>
                    <ClassServiceInt>1/2</ClassServiceInt>
                    <AddSigns>У1 МЖ</AddSigns>
                    <Tariff>1800.2</Tariff>
                    <Tariff2>2100.5</Tariff2>
                    <TariffService>210.0</TariffService>
                    <Carrier Name="ФПД"/>
                    <Owner Type="РЖД/ОКТ">
                        <Country Code="20" Name="РОССИЯ"/>
                        <Railway Code="EF" Name="ОКТЯБРЬСКАЯ"/>
                    </Owner>
                    <SaleOnTwo/>
                    <SaleOnFour/>
                    <Car Number="08">
                        <ElRegPossible>
                            <UK/>
                            <AKP/>
                        </ElRegPossible>
                        <Station>БРЯНСК</Station>
                        <NonSmoking/>
                        <DesignCar>
                            <Info>2-ЭТ</Info>
                            <Info>присутствует интернет</Info>
                        </DesignCar>
                        <Seats SeatsUndef="10" SeatsDn="30" SeatsUp="40"
                               SeatsLateralDn="25" SeatsLateralUp="15"
                               FreeComp="12"/>
                        <SeatsSex SeatsMale="4" SeatsFemale="6" SeatsMixed="12"
                                  SeatsUndef="3"/>
                        <TypePlaces>Н</TypePlaces>
                        <Places>002,004,006</Places>
                    </Car>
                    <Car Number="08">
                        <ElRegPossible>
                            <UK/>
                            <AKP/>
                        </ElRegPossible>
                        <Station>БРЯНСК</Station>
                        <NonSmoking/>
                        <DesignCar>
                            <Info>2-ЭТ</Info>
                            <Info>присутствует интернет</Info>
                        </DesignCar>
                        <Seats SeatsUndef="10" SeatsDn="30" SeatsUp="40"
                               SeatsLateralDn="25" SeatsLateralUp="15"
                               FreeComp="12"/>
                        <SeatsSex SeatsMale="4" SeatsFemale="6" SeatsMixed="12"
                                  SeatsUndef="3"/>
                        <TypePlaces>Н</TypePlaces>
                        <Places>002,004,006</Places>
                    </Car>
                </Cars>
            </Train>
            <Train/>
        </Trains>
        <Trains Date="02.01.2010"></Trains>
    </Direction>
    <Direction Type="Backward"></Direction>
</GtExpress_Response>