<GtExpress_Response Type="TrainScheme">
    <Train Number="002А">
        <Car Number="01" Type="К">
            <Route>
                <Station>МОСКВА БЕЛ</Station>
                <Station>АМСТЕРДАМ</Station>
            </Route>
            <Railway Code="EE" Name="МОСКОВСКАЯ">МСК</Railway>
            <Signs>
                <Sign>БН</Sign>
                <Sign>УСЛ</Sign>
                <Sign>РЕСТОРАН</Sign>
            </Signs>
            <ClassService Type="1Б" />
            <Seats First="001" Last="036" Count="036" />
            <Cliche>
                <Station>ОРЕЛ</Station>
                <Seats First="001" Last="036" Count="036" />
            </Cliche>
            <Cliche>
                <Station>ОРЕЛ</Station>
                <Seats First="001" Last="036" Count="036" />
            </Cliche>
        </Car>
        <Car Number="01" Type="К">
            <Route>
                <Station>МОСКВА БЕЛ</Station>
                <Station>АМСТЕРДАМ</Station>
            </Route>
            <Railway Code="EE" Name="МОСКОВСКАЯ">МСК</Railway>
            <Signs>
                <Sign>БН</Sign>
                <Sign>УСЛ</Sign>
                <Sign>РЕСТОРАН</Sign>
            </Signs>
            <ClassService Type="1Б" />
            <Seats First="001" Last="036" Count="036" />
            <Cliche>
                <Station>ОРЕЛ</Station>
                <Seats First="001" Last="036" Count="036" />
            </Cliche>
            <Cliche>
                <Station>ОРЕЛ</Station>
                <Seats First="001" Last="036" Count="036" />
            </Cliche>
        </Car>
    </Train>
    <SignsInfo>ПРИЗНАКИ: НФ-НЕФИРМЕННЫЙ;ИНВ-КУПЕ ДЛЯ ИНВАЛИДОВ...</SignsInfo>
</GtExpress_Response>