<GtETicket_Response Type="Payment">
    <Order ID="123456789" Status="X" ExpressID="12345678901234"/>
    <Registration Status="X" StopDate="дата" StopTime="Время"/>
    <Operation Date="01.01.2013" Time="17:40" HP="32" DB="М" HT="44" />
    <Tickets>
        <Ticket Number="1" ID="1234123" ExpressID="12345678901234">
            <Sign2D>2D код</Sign2D>
        </Ticket>
        <Ticket Number="2" ID="789789" ExpressID="794561234568954">
            <Sign2D>2D второй код</Sign2D>
        </Ticket>
    </Tickets>
</GtETicket_Response>