<GtEticket_Response Type="ReturnTicket" Action="Info/Return">
    <Order ID="123456789" Status="X" ExpressID="12345678901234" />
    <PaymentType>W</PaymentType>
    <RetTariff>1300.0</RetTariff>
    <RetTypeInfo>ВОЗВРАТ ПО ПРЕТЕНЗИИ</RetTypeInfo>
    <Info>БЕЗ ШТРАФА</Info>
    <TimeBeforeDep>1545:00</TimeBeforeDep>
    <Operation Date="01.01.2013" Time="17:40" />
    <Agent>ФПК</Agent>
    <Subagent>256</Subagent>
    <Tickets>
        <Ticket Number="1" ID="1234123" ExpressID="12345678901234"
                KRS="20100371234560">
            <RetTariff>820.6</RetTariff>
            <TariffInsurance>30.0</TariffInsurance>
        </Ticket>
        <Ticket Number="1" ID="1234123" ExpressID="12345678901234"
                KRS="20100371234560">
            <RetTariff>820.6</RetTariff>
            <TariffInsurance>30.0</TariffInsurance>
        </Ticket>
    </Tickets>
    <II WB="М" WM="М" HP="97" DB="М" HT="44" />
</GtEticket_Response>